{
  "train_loss": [
    0.35742415276254025,
    0.23125484278182049,
    0.1868033770126926,
    0.15828933037290935,
    0.14468972874719768,
    0.12976587560528052,
    0.11573509859098878,
    0.10552290795367646,
    0.09565896099834792,
    0.08359200911227838
  ],
  "val_loss": [
    0.272495303551356,
    0.20945624941486424,
    0.19715602603756777,
    0.15955922590768606,
    0.14292928796935048,
    0.1396680435855047,
    0.13435900965495046,
    0.12287300328255794,
    0.12295716137199078,
    0.11934906453430905
  ],
  "val_auc": [
    0.9581278402140895,
    0.9747518166849612,
    0.9764238764126499,
    0.9833057415903007,
    0.9855646547578719,
    0.9863945551214718,
    0.9888321704467449,
    0.989407164527556,
    0.989578038708988,
    0.9898252269168967
  ],
  "val_f1": [
    0.8892804487755762,
    0.9210819572485057,
    0.9258390216154722,
    0.9433598457459629,
    0.950101052338142,
    0.951821468298109,
    0.9552444658989035,
    0.9574445580509819,
    0.9576387182816832,
    0.9607952954354523
  ]
}