{
  "train_loss": [
    0.28347392142029615,
    0.2325150805769666,
    0.21953759206741943,
    0.2089628579449106,
    0.19919701010383692,
    0.19233368887628557,
    0.1856824877231576,
    0.17794682460491523,
    0.17338174266181228,
    0.1669392563432929
  ],
  "val_loss": [
    0.13227734334903668,
    0.12263858786936702,
    0.11028945254382946,
    0.12954674163796429,
    0.12436101283091462,
    0.11558013534920532,
    0.11701178860595439,
    0.11829521251345149,
    0.11510033598149953,
    0.12465570821824068
  ],
  "val_auc": [
    0.9901187535471923,
    0.9910468857712729,
    0.9919223877183958,
    0.9914789406057523,
    0.9915713651768814,
    0.9924676759530745,
    0.9926818687664306,
    0.9925621811573346,
    0.992557255576861,
    0.9924722268697188
  ],
  "val_f1": [
    0.9592216932312151,
    0.9586846248032185,
    0.964069127493252,
    0.9621395084529052,
    0.964956369982548,
    0.9663745242501484,
    0.9664010111294457,
    0.9672902079632145,
    0.9682146470813998,
    0.9665294055537959
  ],
  "val_affinity_rmse": [
    1.0401350719245936,
    0.9919654503017564,
    0.9813172089438265,
    0.9568556550240598,
    0.9417941258954229,
    0.9246832365749176,
    0.9036600461300431,
    0.8969953811034057,
    0.8969023959075089,
    0.8834122485340073
  ],
  "boltz_alignment": [
    0.7777777777777778,
    0.7777777777777778,
    0.8888888888888888,
    0.6666666666666666,
    0.7777777777777778,
    0.7777777777777778,
    0.7777777777777778,
    0.6666666666666666,
    0.7777777777777778,
    0.7777777777777778
  ]
}